[
  {
    "id": "pages-index-html-mmd",
    "name": "Public Transport In Derbyshire & The Peak District (Index",
    "sourcePath": "pages/index_html.mmd",
    "displayPath": "Public Transport in Derbyshire & the Peak District (index.html)",
    "file": "diagrams/pages/index_html.mmd",
    "category": "Home & Index",
    "url": "https://www.derbysbus.info/index.html",
    "description": "Derbyshire Public Transport Timetables"
  },
  {
    "id": "pages-maps-print-maps-html-mmd",
    "name": "Public Transport In Derbyshire & The Peak District (Maps Print Maps",
    "sourcePath": "pages/maps_print_maps_html.mmd",
    "displayPath": "Public Transport in Derbyshire & the Peak District (maps/print_maps.html)",
    "file": "diagrams/pages/maps_print_maps_html.mmd",
    "category": "Maps",
    "url": "https://www.derbysbus.info/maps/print_maps.html",
    "description": "Derbyshire Public Transport Printable Maps"
  },
  {
    "id": "pages-places-index-alfreton-html-mmd",
    "name": "Public Transport In Derbyshire & The Peak District (Places Index Alfreton",
    "sourcePath": "pages/places_index_alfreton_html.mmd",
    "displayPath": "Public Transport in Derbyshire & the Peak District (places_index/alfreton.html)",
    "file": "diagrams/pages/places_index_alfreton_html.mmd",
    "category": "Places Index",
    "url": "https://www.derbysbus.info/places_index/alfreton.html",
    "description": "Index to Services to/from Alfreton"
  },
  {
    "id": "pages-places-index-ashbourne-html-mmd",
    "name": "Public Transport In Derbyshire & The Peak District (Places Index Ashbourne",
    "sourcePath": "pages/places_index_ashbourne_html.mmd",
    "displayPath": "Public Transport in Derbyshire & the Peak District (places_index/ashbourne.html)",
    "file": "diagrams/pages/places_index_ashbourne_html.mmd",
    "category": "Places Index",
    "url": "https://www.derbysbus.info/places_index/ashbourne.html",
    "description": "Index to Services to/from Ashbourne"
  },
  {
    "id": "pages-places-index-bakewell-html-mmd",
    "name": "Public Transport In Derbyshire & The Peak District (Places Index Bakewell",
    "sourcePath": "pages/places_index_bakewell_html.mmd",
    "displayPath": "Public Transport in Derbyshire & the Peak District (places_index/bakewell.html)",
    "file": "diagrams/pages/places_index_bakewell_html.mmd",
    "category": "Places Index",
    "url": "https://www.derbysbus.info/places_index/bakewell.html",
    "description": "Index to Services to/from Bakewell"
  },
  {
    "id": "pages-places-index-belper-html-mmd",
    "name": "Public Transport In Derbyshire & The Peak District (Places Index Belper",
    "sourcePath": "pages/places_index_belper_html.mmd",
    "displayPath": "Public Transport in Derbyshire & the Peak District (places_index/belper.html)",
    "file": "diagrams/pages/places_index_belper_html.mmd",
    "category": "Places Index",
    "url": "https://www.derbysbus.info/places_index/belper.html",
    "description": "Index to Services to/from Belper"
  },
  {
    "id": "pages-places-index-buxton-html-mmd",
    "name": "Public Transport In Derbyshire & The Peak District (Places Index Buxton",
    "sourcePath": "pages/places_index_buxton_html.mmd",
    "displayPath": "Public Transport in Derbyshire & the Peak District (places_index/buxton.html)",
    "file": "diagrams/pages/places_index_buxton_html.mmd",
    "category": "Places Index",
    "url": "https://www.derbysbus.info/places_index/buxton.html",
    "description": "Index to Services to/from Buxton"
  },
  {
    "id": "pages-places-index-chesterfield-html-mmd",
    "name": "Public Transport In Derbyshire & The Peak District (Places Index Chesterfield",
    "sourcePath": "pages/places_index_chesterfield_html.mmd",
    "displayPath": "Public Transport in Derbyshire & the Peak District (places_index/chesterfield.html)",
    "file": "diagrams/pages/places_index_chesterfield_html.mmd",
    "category": "Places Index",
    "url": "https://www.derbysbus.info/places_index/chesterfield.html",
    "description": "Index to Services to/from Chesterfield"
  },
  {
    "id": "pages-places-index-chesterfield-borough-html-mmd",
    "name": "Public Transport In Derbyshire & The Peak District (Places Index Chesterfield Borough",
    "sourcePath": "pages/places_index_chesterfield_borough_html.mmd",
    "displayPath": "Public Transport in Derbyshire & the Peak District (places_index/chesterfield_borough.html)",
    "file": "diagrams/pages/places_index_chesterfield_borough_html.mmd",
    "category": "Places Index",
    "url": "https://www.derbysbus.info/places_index/chesterfield_borough.html",
    "description": "Index to Services within Chesterfield Borough"
  },
  {
    "id": "pages-places-index-derby-html-mmd",
    "name": "Public Transport In Derbyshire & The Peak District (Places Index Derby",
    "sourcePath": "pages/places_index_derby_html.mmd",
    "displayPath": "Public Transport in Derbyshire & the Peak District (places_index/derby.html)",
    "file": "diagrams/pages/places_index_derby_html.mmd",
    "category": "Places Index",
    "url": "https://www.derbysbus.info/places_index/derby.html",
    "description": "Index to Services to/from Derby"
  },
  {
    "id": "pages-places-index-derby-city-html-mmd",
    "name": "Public Transport In Derbyshire & The Peak District (Places Index Derby City",
    "sourcePath": "pages/places_index_derby_city_html.mmd",
    "displayPath": "Public Transport in Derbyshire & the Peak District (places_index/derby_city.html)",
    "file": "diagrams/pages/places_index_derby_city_html.mmd",
    "category": "Places Index",
    "url": "https://www.derbysbus.info/places_index/derby_city.html",
    "description": "Index to Services within Derby City"
  },
  {
    "id": "pages-places-index-glossop-html-mmd",
    "name": "Public Transport In Derbyshire & The Peak District (Places Index Glossop",
    "sourcePath": "pages/places_index_glossop_html.mmd",
    "displayPath": "Public Transport in Derbyshire & the Peak District (places_index/glossop.html)",
    "file": "diagrams/pages/places_index_glossop_html.mmd",
    "category": "Places Index",
    "url": "https://www.derbysbus.info/places_index/glossop.html",
    "description": "Index to Services to/from Glossop"
  },
  {
    "id": "pages-places-index-heanor-html-mmd",
    "name": "Public Transport In Derbyshire & The Peak District (Places Index Heanor",
    "sourcePath": "pages/places_index_heanor_html.mmd",
    "displayPath": "Public Transport in Derbyshire & the Peak District (places_index/heanor.html)",
    "file": "diagrams/pages/places_index_heanor_html.mmd",
    "category": "Places Index",
    "url": "https://www.derbysbus.info/places_index/heanor.html",
    "description": "Index to Services to/from Heanor"
  },
  {
    "id": "pages-places-index-ilkeston-html-mmd",
    "name": "Public Transport In Derbyshire & The Peak District (Places Index Ilkeston",
    "sourcePath": "pages/places_index_ilkeston_html.mmd",
    "displayPath": "Public Transport in Derbyshire & the Peak District (places_index/ilkeston.html)",
    "file": "diagrams/pages/places_index_ilkeston_html.mmd",
    "category": "Places Index",
    "url": "https://www.derbysbus.info/places_index/ilkeston.html",
    "description": "Index to Services to/from Ilkeston"
  },
  {
    "id": "pages-places-index-matlock-html-mmd",
    "name": "Public Transport In Derbyshire & The Peak District (Places Index Matlock",
    "sourcePath": "pages/places_index_matlock_html.mmd",
    "displayPath": "Public Transport in Derbyshire & the Peak District (places_index/matlock.html)",
    "file": "diagrams/pages/places_index_matlock_html.mmd",
    "category": "Places Index",
    "url": "https://www.derbysbus.info/places_index/matlock.html",
    "description": "Index to Services to/from Matlock"
  },
  {
    "id": "pages-places-index-new-mills-html-mmd",
    "name": "Public Transport In Derbyshire & The Peak District (Places Index New Mills",
    "sourcePath": "pages/places_index_new_mills_html.mmd",
    "displayPath": "Public Transport in Derbyshire & the Peak District (places_index/new mills.html)",
    "file": "diagrams/pages/places_index_new_mills_html.mmd",
    "category": "Places Index",
    "url": "https://www.derbysbus.info/places_index/new%20mills.html",
    "description": "Index to Services to/from New Mills"
  },
  {
    "id": "pages-places-index-places-a-d-html-mmd",
    "name": "Public Transport In Derbyshire & The Peak District (Places Index Places A D",
    "sourcePath": "pages/places_index_places_a_d_html.mmd",
    "displayPath": "Public Transport in Derbyshire & the Peak District (places_index/places_a_d.html)",
    "file": "diagrams/pages/places_index_places_a_d_html.mmd",
    "category": "Places Index",
    "url": "https://www.derbysbus.info/places_index/places_a_d.html",
    "description": "Index to Places A to D"
  },
  {
    "id": "pages-places-index-places-e-l-html-mmd",
    "name": "Public Transport In Derbyshire & The Peak District (Places Index Places E L",
    "sourcePath": "pages/places_index_places_e_l_html.mmd",
    "displayPath": "Public Transport in Derbyshire & the Peak District (places_index/places_e_l.html)",
    "file": "diagrams/pages/places_index_places_e_l_html.mmd",
    "category": "Places Index",
    "url": "https://www.derbysbus.info/places_index/places_e_l.html",
    "description": "Index to Places E to L"
  },
  {
    "id": "pages-places-index-places-m-r-html-mmd",
    "name": "Public Transport In Derbyshire & The Peak District (Places Index Places M R",
    "sourcePath": "pages/places_index_places_m_r_html.mmd",
    "displayPath": "Public Transport in Derbyshire & the Peak District (places_index/places_m_r.html)",
    "file": "diagrams/pages/places_index_places_m_r_html.mmd",
    "category": "Places Index",
    "url": "https://www.derbysbus.info/places_index/places_m_r.html",
    "description": "Index to Places M to R"
  },
  {
    "id": "pages-places-index-places-s-z-html-mmd",
    "name": "Public Transport In Derbyshire & The Peak District (Places Index Places S Z",
    "sourcePath": "pages/places_index_places_s_z_html.mmd",
    "displayPath": "Public Transport in Derbyshire & the Peak District (places_index/places_s_z.html)",
    "file": "diagrams/pages/places_index_places_s_z_html.mmd",
    "category": "Places Index",
    "url": "https://www.derbysbus.info/places_index/places_s_z.html",
    "description": "Index to Places S to Z"
  },
  {
    "id": "pages-places-index-ripley-html-mmd",
    "name": "Public Transport In Derbyshire & The Peak District (Places Index Ripley",
    "sourcePath": "pages/places_index_ripley_html.mmd",
    "displayPath": "Public Transport in Derbyshire & the Peak District (places_index/ripley.html)",
    "file": "diagrams/pages/places_index_ripley_html.mmd",
    "category": "Places Index",
    "url": "https://www.derbysbus.info/places_index/ripley.html",
    "description": "Index to Services to/from Ripley"
  },
  {
    "id": "pages-places-index-swadlincote-html-mmd",
    "name": "Public Transport In Derbyshire & The Peak District (Places Index Swadlincote",
    "sourcePath": "pages/places_index_swadlincote_html.mmd",
    "displayPath": "Public Transport in Derbyshire & the Peak District (places_index/swadlincote.html)",
    "file": "diagrams/pages/places_index_swadlincote_html.mmd",
    "category": "Places Index",
    "url": "https://www.derbysbus.info/places_index/swadlincote.html",
    "description": "Index to Services to/from Swadlincote"
  },
  {
    "id": "sitemap-mmd",
    "name": "Sitemap",
    "sourcePath": "sitemap.mmd",
    "displayPath": "sitemap",
    "file": "diagrams/sitemap.mmd",
    "category": "Overview",
    "url": null,
    "description": null
  }
]