Page Path,Page Title,Section,Asset Class,File Ext,Relative URL,Absolute URL,Label,From Tag,Is Image Linked,Route Numbers
index.html,Public Transport in Derbyshire & the Peak District,Page body,pdf,.pdf,Bus%20Passenger%20Charter%20web%20version.pdf,https://www.derbysbus.info/Bus%20Passenger%20Charter%20web%20version.pdf,here,a,False,
index.html,Public Transport in Derbyshire & the Peak District,Page body,image,.gif,https://www.derbysbus.info/images/getacro.gif,https://www.derbysbus.info/images/getacro.gif,Click to get Adobe Acrobat Reader,img,True,
index.html,Public Transport in Derbyshire & the Peak District,Page body,image,.gif,https://www.derbysbus.info/images/jp_but_newer.gif,https://www.derbysbus.info/images/jp_but_newer.gif,Click for Derbyshire Journey Planner,img,True,
index.html,Public Transport in Derbyshire & the Peak District,Page body,image,.gif,https://www.derbysbus.info/images/pt_but_newer.gif,https://www.derbysbus.info/images/pt_but_newer.gif,Click for general public transport info,img,True,
maps/print_maps.html,Public Transport in Derbyshire & the Peak District,Page body,map,.gif,https://www.derbysbus.info/images/county_key_map.gif,https://www.derbysbus.info/images/county_key_map.gif,County key map,img,False,
maps/print_maps.html,Public Transport in Derbyshire & the Peak District,Page body,map,.gif,https://www.derbysbus.info/images/chesterfield_key_map.gif,https://www.derbysbus.info/images/chesterfield_key_map.gif,Chesterfield Key Map,img,False,
maps/print_maps.html,Public Transport in Derbyshire & the Peak District,Page body,map,.gif,https://www.derbysbus.info/images/derby_key_map.gif,https://www.derbysbus.info/images/derby_key_map.gif,Derby City key map,img,False,
maps/print_maps.html,Public Transport in Derbyshire & the Peak District,Page body,image,.gif,https://www.derbysbus.info/images/getacro.gif,https://www.derbysbus.info/images/getacro.gif,Click to get Adobe Acrobat Reader,img,True,
maps/print_maps.html,Public Transport in Derbyshire & the Peak District,Page body,image,.gif,https://www.derbysbus.info/images/pt_but_newer.gif,https://www.derbysbus.info/images/pt_but_newer.gif,Click for general public transport info,img,True,
maps/print_maps.html,Public Transport in Derbyshire & the Peak District,Page body,image,.gif,https://www.derbysbus.info/images/tt_but.gif,https://www.derbysbus.info/images/tt_but.gif,Click for timetable section,img,True,
places_index/new mills.html,Public Transport in Derbyshire & the Peak District,Page body,pdf,.pdf,../images/newmills.pdf,https://www.derbysbus.info/images/newmills.pdf,New Mills town plan,a,False,
places_index/swadlincote.html,Public Transport in Derbyshire & the Peak District,Page body,pdf,.pdf,../images/swdlncte.pdf,https://www.derbysbus.info/images/swdlncte.pdf,Swadlincote town plan,a,False,
places_index/ashbourne.html,Public Transport in Derbyshire & the Peak District,Page body,pdf,.pdf,../images/ashbourn.pdf,https://www.derbysbus.info/images/ashbourn.pdf,Ashbourne town plan,a,False,
places_index/chesterfield_borough.html,Public Transport in Derbyshire & the Peak District,Page body,pdf,.pdf,../images/cfld_tc.pdf,https://www.derbysbus.info/images/cfld_tc.pdf,Chesterfield town centre plan,a,False,
places_index/chesterfield_borough.html,Public Transport in Derbyshire & the Peak District,Page body,pdf,.pdf,../images/cfld_a.pdf,https://www.derbysbus.info/images/cfld_a.pdf,Chesterfield town plan,a,False,
places_index/places_s_z.html,Public Transport in Derbyshire & the Peak District,Page body,pdf,.pdf,../images/longeatn.pdf,https://www.derbysbus.info/images/longeatn.pdf,../images/longeatn.pdf,a,False,
places_index/places_s_z.html,Public Transport in Derbyshire & the Peak District,Page body,pdf,.pdf,../images/longeatn.pdf,https://www.derbysbus.info/images/longeatn.pdf,../images/longeatn.pdf,a,False,
places_index/places_s_z.html,Public Transport in Derbyshire & the Peak District,Page body,pdf,.pdf,../images/ilkeston.pdf,https://www.derbysbus.info/images/ilkeston.pdf,../images/ilkeston.pdf,a,False,
places_index/places_s_z.html,Public Transport in Derbyshire & the Peak District,Page body,pdf,.pdf,../images/shirebrk.pdf,https://www.derbysbus.info/images/shirebrk.pdf,../images/shirebrk.pdf,a,False,
places_index/places_s_z.html,Public Transport in Derbyshire & the Peak District,Page body,pdf,.pdf,../images/glossop.pdf,https://www.derbysbus.info/images/glossop.pdf,../images/glossop.pdf,a,False,
places_index/places_s_z.html,Public Transport in Derbyshire & the Peak District,Page body,pdf,.pdf,../images/glossop.pdf,https://www.derbysbus.info/images/glossop.pdf,../images/glossop.pdf,a,False,
places_index/places_s_z.html,Public Transport in Derbyshire & the Peak District,Page body,pdf,.pdf,../images/alfreton.pdf,https://www.derbysbus.info/images/alfreton.pdf,../images/alfreton.pdf,a,False,
places_index/places_s_z.html,Public Transport in Derbyshire & the Peak District,Page body,pdf,.pdf,../images/derby_a.pdf,https://www.derbysbus.info/images/derby_a.pdf,../images/derby_a.pdf,a,False,
places_index/places_s_z.html,Public Transport in Derbyshire & the Peak District,Page body,pdf,.pdf,../images/swdlncte.pdf,https://www.derbysbus.info/images/swdlncte.pdf,../images/swdlncte.pdf,a,False,
places_index/places_s_z.html,Public Transport in Derbyshire & the Peak District,Page body,pdf,.pdf,../images/longeatn.pdf,https://www.derbysbus.info/images/longeatn.pdf,../images/longeatn.pdf,a,False,
places_index/places_s_z.html,Public Transport in Derbyshire & the Peak District,Page body,pdf,.pdf,../images/matlock.pdf,https://www.derbysbus.info/images/matlock.pdf,../images/matlock.pdf,a,False,
places_index/places_s_z.html,Public Transport in Derbyshire & the Peak District,Page body,pdf,.pdf,../images/cfld_a.pdf,https://www.derbysbus.info/images/cfld_a.pdf,../images/cfld_a.pdf,a,False,
places_index/places_s_z.html,Public Transport in Derbyshire & the Peak District,Page body,pdf,.pdf,../images/swdlncte.pdf,https://www.derbysbus.info/images/swdlncte.pdf,../images/swdlncte.pdf,a,False,
places_index/places_s_z.html,Public Transport in Derbyshire & the Peak District,Page body,pdf,.pdf,../images/alfreton.pdf,https://www.derbysbus.info/images/alfreton.pdf,../images/alfreton.pdf,a,False,
places_index/places_s_z.html,Public Transport in Derbyshire & the Peak District,Page body,pdf,.pdf,../images/newmills.pdf,https://www.derbysbus.info/images/newmills.pdf,../images/newmills.pdf,a,False,
places_index/places_s_z.html,Public Transport in Derbyshire & the Peak District,Page body,pdf,.pdf,../images/claycrss.pdf,https://www.derbysbus.info/images/claycrss.pdf,../images/claycrss.pdf,a,False,
places_index/places_s_z.html,Public Transport in Derbyshire & the Peak District,Page body,pdf,.pdf,../images/drnfield.pdf,https://www.derbysbus.info/images/drnfield.pdf,../images/drnfield.pdf,a,False,
places_index/places_s_z.html,Public Transport in Derbyshire & the Peak District,Page body,pdf,.pdf,../images/killmrsh.pdf,https://www.derbysbus.info/images/killmrsh.pdf,../images/killmrsh.pdf,a,False,
places_index/places_s_z.html,Public Transport in Derbyshire & the Peak District,Page body,pdf,.pdf,../images/ripley.pdf,https://www.derbysbus.info/images/ripley.pdf,../images/ripley.pdf,a,False,
places_index/places_s_z.html,Public Transport in Derbyshire & the Peak District,Page body,pdf,.pdf,../images/shirebrk.pdf,https://www.derbysbus.info/images/shirebrk.pdf,../images/shirebrk.pdf,a,False,
places_index/places_s_z.html,Public Transport in Derbyshire & the Peak District,Page body,pdf,.pdf,../images/belper.pdf,https://www.derbysbus.info/images/belper.pdf,../images/belper.pdf,a,False,
places_index/places_s_z.html,Public Transport in Derbyshire & the Peak District,Page body,pdf,.pdf,../images/glossop.pdf,https://www.derbysbus.info/images/glossop.pdf,../images/glossop.pdf,a,False,
places_index/places_s_z.html,Public Transport in Derbyshire & the Peak District,Page body,pdf,.pdf,../images/swdlncte.pdf,https://www.derbysbus.info/images/swdlncte.pdf,../images/swdlncte.pdf,a,False,
places_index/ilkeston.html,Public Transport in Derbyshire & the Peak District,Page body,pdf,.pdf,../images/ilkeston.pdf,https://www.derbysbus.info/images/ilkeston.pdf,Ilkeston town plan,a,False,
places_index/places_a_d.html,Public Transport in Derbyshire & the Peak District,Page body,pdf,.pdf,../images/swdlncte.pdf,https://www.derbysbus.info/images/swdlncte.pdf,../images/swdlncte.pdf,a,False,
places_index/places_a_d.html,Public Transport in Derbyshire & the Peak District,Page body,pdf,.pdf,../images/heanor.pdf,https://www.derbysbus.info/images/heanor.pdf,../images/heanor.pdf,a,False,
places_index/places_a_d.html,Public Transport in Derbyshire & the Peak District,Page body,pdf,.pdf,../images/alfreton.pdf,https://www.derbysbus.info/images/alfreton.pdf,../images/alfreton.pdf,a,False,
places_index/places_a_d.html,Public Transport in Derbyshire & the Peak District,Page body,pdf,.pdf,../images/alfreton.pdf,https://www.derbysbus.info/images/alfreton.pdf,../images/alfreton.pdf,a,False,
places_index/places_a_d.html,Public Transport in Derbyshire & the Peak District,Page body,pdf,.pdf,../images/ashbourn.pdf,https://www.derbysbus.info/images/ashbourn.pdf,../images/ashbourn.pdf,a,False,
places_index/places_a_d.html,Public Transport in Derbyshire & the Peak District,Page body,pdf,.pdf,../images/bakewell.pdf,https://www.derbysbus.info/images/bakewell.pdf,../images/bakewell.pdf,a,False,
places_index/places_a_d.html,Public Transport in Derbyshire & the Peak District,Page body,pdf,.pdf,../images/bakewell.pdf,https://www.derbysbus.info/images/bakewell.pdf,../images/bakewell.pdf,a,False,
places_index/places_a_d.html,Public Transport in Derbyshire & the Peak District,Page body,pdf,.pdf,../images/belper.pdf,https://www.derbysbus.info/images/belper.pdf,../images/belper.pdf,a,False,
places_index/places_a_d.html,Public Transport in Derbyshire & the Peak District,Page body,pdf,.pdf,../images/clowne.pdf,https://www.derbysbus.info/images/clowne.pdf,../images/clowne.pdf,a,False,
places_index/places_a_d.html,Public Transport in Derbyshire & the Peak District,Page body,pdf,.pdf,../images/belper.pdf,https://www.derbysbus.info/images/belper.pdf,../images/belper.pdf,a,False,
places_index/places_a_d.html,Public Transport in Derbyshire & the Peak District,Page body,pdf,.pdf,../images/newmills.pdf,https://www.derbysbus.info/images/newmills.pdf,../images/newmills.pdf,a,False,
places_index/places_a_d.html,Public Transport in Derbyshire & the Peak District,Page body,pdf,.pdf,../images/eckngton.pdf,https://www.derbysbus.info/images/eckngton.pdf,../images/eckngton.pdf,a,False,
places_index/places_a_d.html,Public Transport in Derbyshire & the Peak District,Page body,pdf,.pdf,../images/belper.pdf,https://www.derbysbus.info/images/belper.pdf,../images/belper.pdf,a,False,
places_index/places_a_d.html,Public Transport in Derbyshire & the Peak District,Page body,pdf,.pdf,../images/bolsover.pdf,https://www.derbysbus.info/images/bolsover.pdf,../images/bolsover.pdf,a,False,
places_index/places_a_d.html,Public Transport in Derbyshire & the Peak District,Page body,pdf,.pdf,../images/longeatn.pdf,https://www.derbysbus.info/images/longeatn.pdf,../images/longeatn.pdf,a,False,
places_index/places_a_d.html,Public Transport in Derbyshire & the Peak District,Page body,pdf,.pdf,../images/longeatn.pdf,https://www.derbysbus.info/images/longeatn.pdf,../images/longeatn.pdf,a,False,
places_index/places_a_d.html,Public Transport in Derbyshire & the Peak District,Page body,pdf,.pdf,../images/cfld_a.pdf,https://www.derbysbus.info/images/cfld_a.pdf,../images/cfld_a.pdf,a,False,
places_index/places_a_d.html,Public Transport in Derbyshire & the Peak District,Page body,pdf,.pdf,../images/belper.pdf,https://www.derbysbus.info/images/belper.pdf,../images/belper.pdf,a,False,
places_index/places_a_d.html,Public Transport in Derbyshire & the Peak District,Page body,pdf,.pdf,../images/buxton.pdf,https://www.derbysbus.info/images/buxton.pdf,../images/buxton.pdf,a,False,
places_index/places_a_d.html,Public Transport in Derbyshire & the Peak District,Page body,pdf,.pdf,../images/buxton.pdf,https://www.derbysbus.info/images/buxton.pdf,../images/buxton.pdf,a,False,
places_index/places_a_d.html,Public Transport in Derbyshire & the Peak District,Page body,pdf,.pdf,../images/buxton.pdf,https://www.derbysbus.info/images/buxton.pdf,../images/buxton.pdf,a,False,
places_index/places_a_d.html,Public Transport in Derbyshire & the Peak District,Page body,pdf,.pdf,../images/buxton.pdf,https://www.derbysbus.info/images/buxton.pdf,../images/buxton.pdf,a,False,
places_index/places_a_d.html,Public Transport in Derbyshire & the Peak District,Page body,pdf,.pdf,../images/cfld_a.pdf,https://www.derbysbus.info/images/cfld_a.pdf,../images/cfld_a.pdf,a,False,
places_index/places_a_d.html,Public Transport in Derbyshire & the Peak District,Page body,pdf,.pdf,../images/cfld_a.pdf,https://www.derbysbus.info/images/cfld_a.pdf,../images/cfld_a.pdf,a,False,
places_index/places_a_d.html,Public Transport in Derbyshire & the Peak District,Page body,pdf,.pdf,../images/bolsover.pdf,https://www.derbysbus.info/images/bolsover.pdf,../images/bolsover.pdf,a,False,
places_index/places_a_d.html,Public Transport in Derbyshire & the Peak District,Page body,pdf,.pdf,../images/swdlncte.pdf,https://www.derbysbus.info/images/swdlncte.pdf,../images/swdlncte.pdf,a,False,
places_index/places_a_d.html,Public Transport in Derbyshire & the Peak District,Page body,pdf,.pdf,../images/glossop.pdf,https://www.derbysbus.info/images/glossop.pdf,../images/glossop.pdf,a,False,
places_index/places_a_d.html,Public Transport in Derbyshire & the Peak District,Page body,pdf,.pdf,../images/cfld_a.pdf,https://www.derbysbus.info/images/cfld_a.pdf,../images/cfld_a.pdf,a,False,
places_index/places_a_d.html,Public Transport in Derbyshire & the Peak District,Page body,pdf,.pdf,../images/swdlncte.pdf,https://www.derbysbus.info/images/swdlncte.pdf,../images/swdlncte.pdf,a,False,
places_index/places_a_d.html,Public Transport in Derbyshire & the Peak District,Page body,pdf,.pdf,../images/claycrss.pdf,https://www.derbysbus.info/images/claycrss.pdf,../images/claycrss.pdf,a,False,
places_index/places_a_d.html,Public Transport in Derbyshire & the Peak District,Page body,pdf,.pdf,../images/clowne.pdf,https://www.derbysbus.info/images/clowne.pdf,../images/clowne.pdf,a,False,
places_index/places_a_d.html,Public Transport in Derbyshire & the Peak District,Page body,pdf,.pdf,../images/drnfield.pdf,https://www.derbysbus.info/images/drnfield.pdf,../images/drnfield.pdf,a,False,
places_index/places_a_d.html,Public Transport in Derbyshire & the Peak District,Page body,pdf,.pdf,../images/ripley.pdf,https://www.derbysbus.info/images/ripley.pdf,../images/ripley.pdf,a,False,
places_index/places_a_d.html,Public Transport in Derbyshire & the Peak District,Page body,pdf,.pdf,../images/ilkeston.pdf,https://www.derbysbus.info/images/ilkeston.pdf,../images/ilkeston.pdf,a,False,
places_index/places_a_d.html,Public Transport in Derbyshire & the Peak District,Page body,pdf,.pdf,../images/swdlncte.pdf,https://www.derbysbus.info/images/swdlncte.pdf,../images/swdlncte.pdf,a,False,
places_index/places_a_d.html,Public Transport in Derbyshire & the Peak District,Page body,pdf,.pdf,../images/matlock.pdf,https://www.derbysbus.info/images/matlock.pdf,../images/matlock.pdf,a,False,
places_index/places_a_d.html,Public Transport in Derbyshire & the Peak District,Page body,pdf,.pdf,../images/ripley.pdf,https://www.derbysbus.info/images/ripley.pdf,../images/ripley.pdf,a,False,
places_index/places_a_d.html,Public Transport in Derbyshire & the Peak District,Page body,pdf,.pdf,../images/claycrss.pdf,https://www.derbysbus.info/images/claycrss.pdf,../images/claycrss.pdf,a,False,
places_index/places_a_d.html,Public Transport in Derbyshire & the Peak District,Page body,pdf,.pdf,../images/derby_a.pdf,https://www.derbysbus.info/images/derby_a.pdf,../images/derby_a.pdf,a,False,
places_index/places_a_d.html,Public Transport in Derbyshire & the Peak District,Page body,pdf,.pdf,../images/glossop.pdf,https://www.derbysbus.info/images/glossop.pdf,../images/glossop.pdf,a,False,
places_index/places_a_d.html,Public Transport in Derbyshire & the Peak District,Page body,pdf,.pdf,../images/drnfield.pdf,https://www.derbysbus.info/images/drnfield.pdf,../images/drnfield.pdf,a,False,
places_index/places_a_d.html,Public Transport in Derbyshire & the Peak District,Page body,pdf,.pdf,../images/drnfield.pdf,https://www.derbysbus.info/images/drnfield.pdf,../images/drnfield.pdf,a,False,
places_index/belper.html,Public Transport in Derbyshire & the Peak District,Page body,pdf,.pdf,../images/belper.pdf,https://www.derbysbus.info/images/belper.pdf,Belper town plan,a,False,
places_index/matlock.html,Public Transport in Derbyshire & the Peak District,Page body,pdf,.pdf,../images/matlock.pdf,https://www.derbysbus.info/images/matlock.pdf,Matlock town plan,a,False,
places_index/alfreton.html,Public Transport in Derbyshire & the Peak District,Page body,pdf,.pdf,../images/alfreton.pdf,https://www.derbysbus.info/images/alfreton.pdf,Alfreton town plan,a,False,
places_index/derby.html,Public Transport in Derbyshire & the Peak District,Page body,pdf,.pdf,../images/derby_a.pdf,https://www.derbysbus.info/images/derby_a.pdf,Derby town plan,a,False,
places_index/derby.html,Public Transport in Derbyshire & the Peak District,Page body,pdf,.pdf,../images/derby_cc.pdf,https://www.derbysbus.info/images/derby_cc.pdf,Derby City centre plan,a,False,
places_index/bakewell.html,Public Transport in Derbyshire & the Peak District,Page body,pdf,.pdf,../images/bakewell.pdf,https://www.derbysbus.info/images/bakewell.pdf,Bakewell town plan,a,False,
places_index/heanor.html,Public Transport in Derbyshire & the Peak District,Page body,pdf,.pdf,../images/heanor.pdf,https://www.derbysbus.info/images/heanor.pdf,Heanor town plan,a,False,
places_index/buxton.html,Public Transport in Derbyshire & the Peak District,Page body,pdf,.pdf,../images/buxton.pdf,https://www.derbysbus.info/images/buxton.pdf,Buxton town plan,a,False,
places_index/chesterfield.html,Public Transport in Derbyshire & the Peak District,Page body,pdf,.pdf,../images/cfld_tc.pdf,https://www.derbysbus.info/images/cfld_tc.pdf,Chesterfield town centre plan,a,False,
places_index/chesterfield.html,Public Transport in Derbyshire & the Peak District,Page body,pdf,.pdf,../images/cfld_a.pdf,https://www.derbysbus.info/images/cfld_a.pdf,Chesterfield town plan,a,False,
places_index/glossop.html,Public Transport in Derbyshire & the Peak District,Page body,pdf,.pdf,../images/glossop.pdf,https://www.derbysbus.info/images/glossop.pdf,Glossop town plan,a,False,
places_index/places_m_r.html,Public Transport in Derbyshire & the Peak District,Page body,pdf,.pdf,../images/heanor.pdf,https://www.derbysbus.info/images/heanor.pdf,../images/heanor.pdf,a,False,
places_index/places_m_r.html,Public Transport in Derbyshire & the Peak District,Page body,pdf,.pdf,../images/matlock.pdf,https://www.derbysbus.info/images/matlock.pdf,../images/matlock.pdf,a,False,
places_index/places_m_r.html,Public Transport in Derbyshire & the Peak District,Page body,pdf,.pdf,../images/matlock.pdf,https://www.derbysbus.info/images/matlock.pdf,../images/matlock.pdf,a,False,
places_index/places_m_r.html,Public Transport in Derbyshire & the Peak District,Page body,pdf,.pdf,../images/matlock.pdf,https://www.derbysbus.info/images/matlock.pdf,../images/matlock.pdf,a,False,
places_index/places_m_r.html,Public Transport in Derbyshire & the Peak District,Page body,pdf,.pdf,../images/swdlncte.pdf,https://www.derbysbus.info/images/swdlncte.pdf,../images/swdlncte.pdf,a,False,
places_index/places_m_r.html,Public Transport in Derbyshire & the Peak District,Page body,pdf,.pdf,../images/bakewell.pdf,https://www.derbysbus.info/images/bakewell.pdf,../images/bakewell.pdf,a,False,
places_index/places_m_r.html,Public Transport in Derbyshire & the Peak District,Page body,pdf,.pdf,../images/bolsover.pdf,https://www.derbysbus.info/images/bolsover.pdf,../images/bolsover.pdf,a,False,
places_index/places_m_r.html,Public Transport in Derbyshire & the Peak District,Page body,pdf,.pdf,../images/newmills.pdf,https://www.derbysbus.info/images/newmills.pdf,../images/newmills.pdf,a,False,
places_index/places_m_r.html,Public Transport in Derbyshire & the Peak District,Page body,pdf,.pdf,../images/longeatn.pdf,https://www.derbysbus.info/images/longeatn.pdf,../images/longeatn.pdf,a,False,
places_index/places_m_r.html,Public Transport in Derbyshire & the Peak District,Page body,pdf,.pdf,../images/cfld_a.pdf,https://www.derbysbus.info/images/cfld_a.pdf,../images/cfld_a.pdf,a,False,
places_index/places_m_r.html,Public Transport in Derbyshire & the Peak District,Page body,pdf,.pdf,../images/swdlncte.pdf,https://www.derbysbus.info/images/swdlncte.pdf,../images/swdlncte.pdf,a,False,
places_index/places_m_r.html,Public Transport in Derbyshire & the Peak District,Page body,pdf,.pdf,../images/killmrsh.pdf,https://www.derbysbus.info/images/killmrsh.pdf,../images/killmrsh.pdf,a,False,
places_index/places_m_r.html,Public Transport in Derbyshire & the Peak District,Page body,pdf,.pdf,../images/claycrss.pdf,https://www.derbysbus.info/images/claycrss.pdf,../images/claycrss.pdf,a,False,
places_index/places_m_r.html,Public Transport in Derbyshire & the Peak District,Page body,pdf,.pdf,../images/cfld_a.pdf,https://www.derbysbus.info/images/cfld_a.pdf,../images/cfld_a.pdf,a,False,
places_index/places_m_r.html,Public Transport in Derbyshire & the Peak District,Page body,pdf,.pdf,../images/belper.pdf,https://www.derbysbus.info/images/belper.pdf,../images/belper.pdf,a,False,
places_index/places_m_r.html,Public Transport in Derbyshire & the Peak District,Page body,pdf,.pdf,../images/glossop.pdf,https://www.derbysbus.info/images/glossop.pdf,../images/glossop.pdf,a,False,
places_index/places_m_r.html,Public Transport in Derbyshire & the Peak District,Page body,pdf,.pdf,../images/alfreton.pdf,https://www.derbysbus.info/images/alfreton.pdf,../images/alfreton.pdf,a,False,
places_index/places_m_r.html,Public Transport in Derbyshire & the Peak District,Page body,pdf,.pdf,../images/ripley.pdf,https://www.derbysbus.info/images/ripley.pdf,../images/ripley.pdf,a,False,
places_index/places_e_l.html,Public Transport in Derbyshire & the Peak District,Page body,pdf,.pdf,../images/eckngton.pdf,https://www.derbysbus.info/images/eckngton.pdf,../images/eckngton.pdf,a,False,
places_index/places_e_l.html,Public Transport in Derbyshire & the Peak District,Page body,pdf,.pdf,../images/buxton.pdf,https://www.derbysbus.info/images/buxton.pdf,../images/buxton.pdf,a,False,
places_index/places_e_l.html,Public Transport in Derbyshire & the Peak District,Page body,pdf,.pdf,../images/belper.pdf,https://www.derbysbus.info/images/belper.pdf,../images/belper.pdf,a,False,
places_index/places_e_l.html,Public Transport in Derbyshire & the Peak District,Page body,pdf,.pdf,../images/glossop.pdf,https://www.derbysbus.info/images/glossop.pdf,../images/glossop.pdf,a,False,
places_index/places_e_l.html,Public Transport in Derbyshire & the Peak District,Page body,pdf,.pdf,../images/glossop.pdf,https://www.derbysbus.info/images/glossop.pdf,../images/glossop.pdf,a,False,
places_index/places_e_l.html,Public Transport in Derbyshire & the Peak District,Page body,pdf,.pdf,../images/glossop.pdf,https://www.derbysbus.info/images/glossop.pdf,../images/glossop.pdf,a,False,
places_index/places_e_l.html,Public Transport in Derbyshire & the Peak District,Page body,pdf,.pdf,../images/ripley.pdf,https://www.derbysbus.info/images/ripley.pdf,../images/ripley.pdf,a,False,
places_index/places_e_l.html,Public Transport in Derbyshire & the Peak District,Page body,pdf,.pdf,../images/drnfield.pdf,https://www.derbysbus.info/images/drnfield.pdf,../images/drnfield.pdf,a,False,
places_index/places_e_l.html,Public Transport in Derbyshire & the Peak District,Page body,pdf,.pdf,../images/bakewell.pdf,https://www.derbysbus.info/images/bakewell.pdf,../images/bakewell.pdf,a,False,
places_index/places_e_l.html,Public Transport in Derbyshire & the Peak District,Page body,pdf,.pdf,../images/glossop.pdf,https://www.derbysbus.info/images/glossop.pdf,../images/glossop.pdf,a,False,
places_index/places_e_l.html,Public Transport in Derbyshire & the Peak District,Page body,pdf,.pdf,../images/buxton.pdf,https://www.derbysbus.info/images/buxton.pdf,../images/buxton.pdf,a,False,
places_index/places_e_l.html,Public Transport in Derbyshire & the Peak District,Page body,pdf,.pdf,../images/heanor.pdf,https://www.derbysbus.info/images/heanor.pdf,../images/heanor.pdf,a,False,
places_index/places_e_l.html,Public Transport in Derbyshire & the Peak District,Page body,pdf,.pdf,../images/killmrsh.pdf,https://www.derbysbus.info/images/killmrsh.pdf,../images/killmrsh.pdf,a,False,
places_index/places_e_l.html,Public Transport in Derbyshire & the Peak District,Page body,pdf,.pdf,../images/bolsover.pdf,https://www.derbysbus.info/images/bolsover.pdf,../images/bolsover.pdf,a,False,
places_index/places_e_l.html,Public Transport in Derbyshire & the Peak District,Page body,pdf,.pdf,../images/glossop.pdf,https://www.derbysbus.info/images/glossop.pdf,../images/glossop.pdf,a,False,
places_index/places_e_l.html,Public Transport in Derbyshire & the Peak District,Page body,pdf,.pdf,../images/drnfield.pdf,https://www.derbysbus.info/images/drnfield.pdf,../images/drnfield.pdf,a,False,
places_index/places_e_l.html,Public Transport in Derbyshire & the Peak District,Page body,pdf,.pdf,../images/claycrss.pdf,https://www.derbysbus.info/images/claycrss.pdf,../images/claycrss.pdf,a,False,
places_index/places_e_l.html,Public Transport in Derbyshire & the Peak District,Page body,pdf,.pdf,../images/ilkeston.pdf,https://www.derbysbus.info/images/ilkeston.pdf,../images/ilkeston.pdf,a,False,
places_index/places_e_l.html,Public Transport in Derbyshire & the Peak District,Page body,pdf,.pdf,../images/cfld_a.pdf,https://www.derbysbus.info/images/cfld_a.pdf,../images/cfld_a.pdf,a,False,
places_index/places_e_l.html,Public Transport in Derbyshire & the Peak District,Page body,pdf,.pdf,../images/killmrsh.pdf,https://www.derbysbus.info/images/killmrsh.pdf,../images/killmrsh.pdf,a,False,
places_index/places_e_l.html,Public Transport in Derbyshire & the Peak District,Page body,pdf,.pdf,../images/ilkeston.pdf,https://www.derbysbus.info/images/ilkeston.pdf,../images/ilkeston.pdf,a,False,
places_index/places_e_l.html,Public Transport in Derbyshire & the Peak District,Page body,pdf,.pdf,../images/buxton.pdf,https://www.derbysbus.info/images/buxton.pdf,../images/buxton.pdf,a,False,
places_index/places_e_l.html,Public Transport in Derbyshire & the Peak District,Page body,pdf,.pdf,../images/heanor.pdf,https://www.derbysbus.info/images/heanor.pdf,../images/heanor.pdf,a,False,
places_index/places_e_l.html,Public Transport in Derbyshire & the Peak District,Page body,pdf,.pdf,../images/heanor.pdf,https://www.derbysbus.info/images/heanor.pdf,../images/heanor.pdf,a,False,
places_index/places_e_l.html,Public Transport in Derbyshire & the Peak District,Page body,pdf,.pdf,../images/shirebrk.pdf,https://www.derbysbus.info/images/shirebrk.pdf,../images/shirebrk.pdf,a,False,
places_index/places_e_l.html,Public Transport in Derbyshire & the Peak District,Page body,pdf,.pdf,../images/ilkeston.pdf,https://www.derbysbus.info/images/ilkeston.pdf,../images/ilkeston.pdf,a,False,
places_index/places_e_l.html,Public Transport in Derbyshire & the Peak District,Page body,pdf,.pdf,../images/alfreton.pdf,https://www.derbysbus.info/images/alfreton.pdf,../images/alfreton.pdf,a,False,
places_index/places_e_l.html,Public Transport in Derbyshire & the Peak District,Page body,pdf,.pdf,../images/bakewell.pdf,https://www.derbysbus.info/images/bakewell.pdf,../images/bakewell.pdf,a,False,
places_index/places_e_l.html,Public Transport in Derbyshire & the Peak District,Page body,pdf,.pdf,../images/longeatn.pdf,https://www.derbysbus.info/images/longeatn.pdf,../images/longeatn.pdf,a,False,
places_index/places_e_l.html,Public Transport in Derbyshire & the Peak District,Page body,pdf,.pdf,../images/heanor.pdf,https://www.derbysbus.info/images/heanor.pdf,../images/heanor.pdf,a,False,
places_index/places_e_l.html,Public Transport in Derbyshire & the Peak District,Page body,pdf,.pdf,../images/newmills.pdf,https://www.derbysbus.info/images/newmills.pdf,../images/newmills.pdf,a,False,
places_index/ripley.html,Public Transport in Derbyshire & the Peak District,Page body,pdf,.pdf,../images/ripley.pdf,https://www.derbysbus.info/images/ripley.pdf,Ripley town plan,a,False,
places_index/derby_city.html,Public Transport in Derbyshire & the Peak District,Page body,pdf,.pdf,../images/derby_a.pdf,https://www.derbysbus.info/images/derby_a.pdf,Derby town plan,a,False,
places_index/derby_city.html,Public Transport in Derbyshire & the Peak District,Page body,pdf,.pdf,../images/derby_cc.pdf,https://www.derbysbus.info/images/derby_cc.pdf,Derby City centre plan,a,False,
